34.070979,-118.444527,118.9075622558594
34.070979,-118.444517,118.9136352539062
34.070979,-118.444507,118.9187927246094
34.070979,-118.444497,118.9423675537109
34.070979,-118.444487,118.9713363647461
34.070979,-118.444477,119.0044250488281
34.070979,-118.444467,119.0399703979492
34.070979,-118.444457,119.0779800415039
34.070979,-118.444447,119.1186370849609
34.070979,-118.444437,119.1532745361328
34.070979,-118.444427,119.1760330200195
34.070979,-118.444417,119.1996765136719
34.070979,-118.444407,119.2270812988281
34.070979,-118.444397,119.2553634643555
34.070979,-118.444387,119.3022155761719
34.070979,-118.444377,119.3490600585938
34.070979,-118.444367,119.4131317138672
34.070979,-118.444357,119.479133605957
34.070979,-118.444347,119.5416793823242
34.070979,-118.444337,119.6031036376953
34.070979,-118.444327,119.6496734619141
34.070979,-118.444317,119.6866455078125
34.070979,-118.444307,119.7476348876953
34.070979,-118.444297,119.8365859985352
34.070979,-118.444287,119.9221878051758
34.070979,-118.444277,120.0005340576172
34.070979,-118.444267,120.065055847168
34.070979,-118.444257,120.0622329711914
34.070979,-118.444247,120.059928894043
34.070979,-118.444237,120.078010559082
34.070979,-118.444227,120.0960998535156
34.070979,-118.444217,120.1333694458008
34.070979,-118.444207,120.1732864379883
34.070979,-118.444197,120.2492523193359
34.070979,-118.444187,120.3383331298828
34.070979,-118.444177,120.4217758178711
34.070979,-118.444167,120.5012512207031
34.070979,-118.444157,120.5787353515625
34.070979,-118.444147,120.653694152832
34.070979,-118.444137,120.7281188964844
34.070979,-118.444127,120.8012466430664
34.070979,-118.444117,120.8726806640625
34.070979,-118.444107,120.9344863891602
34.070979,-118.444097,120.9962615966797
34.070979,-118.444087,121.0511932373047
34.070979,-118.444077,121.1061172485352
34.070979,-118.444067,121.1518630981445
34.070979,-118.444057,121.1960906982422
34.070979,-118.444047,121.2311782836914
34.070979,-118.444037,121.262580871582
34.070979,-118.444027,121.288948059082
34.070979,-118.444017,121.3114776611328
34.070979,-118.444007,121.3286514282227
34.070979,-118.443997,121.3384628295898
34.070979,-118.443987,121.3723526000977
34.070979,-118.443977,121.469596862793
34.070979,-118.443967,121.5724334716797
34.070979,-118.443957,121.7128372192383
34.070979,-118.443947,121.8532485961914
34.070979,-118.443937,121.8961868286133
34.070979,-118.443927,121.9375305175781
34.070979,-118.443917,121.9991760253906
34.070979,-118.443907,122.0647354125977
34.070979,-118.443897,122.1409149169922
34.070979,-118.443887,122.221809387207
34.070979,-118.443877,122.2904205322266
34.070979,-118.443867,122.3488464355469
34.070979,-118.443857,122.4021377563477
34.070979,-118.443847,122.4477386474609
34.070979,-118.443837,122.4912109375
34.070979,-118.443827,122.5284652709961
34.070979,-118.443817,122.5691452026367
34.070979,-118.443807,122.6377868652344
34.070979,-118.443797,122.706428527832
34.070979,-118.443787,122.7847518920898
34.070979,-118.443777,122.8634414672852
34.070979,-118.443767,122.9490814208984
34.070979,-118.443757,123.0362777709961
34.070979,-118.443747,123.1012725830078
34.070979,-118.443737,123.1554336547852
34.070979,-118.443727,123.2181243896484
34.070979,-118.443717,123.2884979248047
34.070979,-118.443707,123.3649063110352
34.070979,-118.443697,123.4511566162109
34.070979,-118.443687,123.5329055786133
34.070979,-118.443677,123.5999755859375
34.070979,-118.443667,123.6660614013672
34.070979,-118.443657,123.7220153808594
34.070979,-118.443647,123.777961730957
34.070979,-118.443637,123.8224792480469
34.070979,-118.443627,123.8663101196289
34.070979,-118.443617,123.8960418701172
34.070979,-118.443607,123.9221878051758
34.070979,-118.443597,123.958610534668
34.070979,-118.443587,124.0005187988281
34.070979,-118.443577,124.0529937744141
34.070979,-118.443567,124.1157836914062
34.070979,-118.443557,124.1768493652344
34.070979,-118.443547,124.2348480224609
34.070979,-118.443537,124.2949371337891
34.070979,-118.443527,124.3626937866211
34.070979,-118.443517,124.4314346313477
34.070979,-118.443507,124.5135345458984
34.070979,-118.443497,124.5956344604492
34.070979,-118.443487,124.6971893310547
34.070979,-118.443477,124.8003768920898
34.070979,-118.443467,124.9049301147461
34.070979,-118.443457,125.0098724365234
34.070979,-118.443447,125.1139984130859
34.070979,-118.443437,125.217643737793
34.070979,-118.443427,125.3805389404297
34.070979,-118.443417,125.6062240600586
34.070979,-118.443407,125.8252334594727
34.070979,-118.443397,126.0312576293945
34.070979,-118.443387,126.2238388061523
34.070979,-118.443377,126.3604965209961
34.070979,-118.443367,126.4971313476562
34.070979,-118.443357,126.6333999633789
34.070979,-118.443347,126.7696762084961
34.070979,-118.443337,126.8815765380859
34.070979,-118.443327,126.990837097168
34.070979,-118.443317,127.057502746582
34.070979,-118.443307,127.110466003418
34.070979,-118.443297,127.1797637939453
34.070979,-118.443287,127.2594757080078
34.070979,-118.443277,127.3514709472656
34.070979,-118.443267,127.4575958251953
34.070979,-118.443257,127.5787200927734
34.070979,-118.443247,127.7318267822266
34.070979,-118.443237,127.8912658691406
34.070979,-118.443227,128.0809326171875
34.070979,-118.443217,128.2696228027344
34.070979,-118.443207,128.4241333007812
34.070979,-118.443197,128.5786590576172
34.070979,-118.443187,128.6208648681641
34.070979,-118.443177,128.6480255126953
34.070979,-118.443167,128.6699523925781
34.070979,-118.443157,128.6899871826172
34.070979,-118.443147,128.7114715576172
34.070979,-118.443137,128.7339324951172
34.070979,-118.443127,128.7630310058594
34.070979,-118.443117,128.8004150390625
34.070979,-118.443107,128.9052124023438
34.070979,-118.443097,129.1681060791016
34.070979,-118.443087,129.4351348876953
34.070979,-118.443077,129.7250518798828
34.070979,-118.443067,130.0132751464844
34.070979,-118.443057,130.07568359375
34.070979,-118.443047,130.1380920410156
34.070979,-118.443037,130.1955718994141
34.070979,-118.443027,130.2522735595703
34.070979,-118.443017,130.3057098388672
34.070979,-118.443007,130.3578643798828
34.070979,-118.442997,130.4038238525391
34.070979,-118.442987,130.4451141357422
34.070979,-118.442977,130.5226135253906
34.070979,-118.442967,130.6492309570312
34.070979,-118.442957,130.7880706787109
34.070979,-118.442947,130.9586181640625
34.070979,-118.442937,131.130126953125
34.070979,-118.442927,131.3079681396484
34.070979,-118.442917,131.4857940673828
34.070979,-118.442907,131.5729370117188
34.070979,-118.442897,131.6589050292969
34.070979,-118.442887,131.7015686035156
34.070979,-118.442877,131.7360687255859
34.070979,-118.442867,131.7791748046875
34.070979,-118.442857,131.8260498046875
34.070979,-118.442847,131.9123077392578
34.070979,-118.442837,132.0308380126953
34.070979,-118.442827,132.1693115234375
34.070979,-118.442817,132.3372497558594
34.070979,-118.442807,132.5103149414062
34.070979,-118.442797,132.6981353759766
34.070979,-118.442787,132.8777160644531
34.070979,-118.442777,132.9923095703125
34.070979,-118.442767,133.1069030761719
34.070979,-118.442757,133.1739807128906
34.070979,-118.442747,133.2394256591797
34.070979,-118.442737,133.3690185546875
34.070979,-118.442727,133.5125885009766
34.070979,-118.442717,133.656982421875
34.070979,-118.442707,133.8017730712891
34.070979,-118.442697,133.9459533691406
34.070979,-118.442687,134.089599609375
34.070979,-118.442677,134.2128448486328
34.070979,-118.442667,134.3033294677734
34.070979,-118.442657,134.3799743652344
34.070979,-118.442647,134.4123077392578
34.070979,-118.442637,134.4396820068359
34.070979,-118.442627,134.4181518554688
34.070979,-118.442617,134.3966217041016
34.070979,-118.442607,134.3963928222656
34.070979,-118.442597,134.3973541259766
34.070979,-118.442587,134.3932495117188
34.070979,-118.442577,134.3878631591797
34.070979,-118.442567,134.3781127929688
34.070979,-118.442557,134.3660583496094
34.070979,-118.442547,134.3633880615234
34.070979,-118.442537,134.3697814941406
34.070979,-118.442527,134.3737945556641
34.070979,-118.442517,134.3736877441406
34.070979,-118.442507,134.3717193603516
34.070979,-118.442497,134.3631439208984
34.070979,-118.442487,134.3569946289062
34.070979,-118.442477,134.3823089599609
34.070979,-118.442467,134.4076232910156
34.070979,-118.442457,134.4287567138672
34.070979,-118.442447,134.4495544433594
34.070979,-118.442437,134.4634857177734
34.070979,-118.442427,134.4754943847656
34.070979,-118.442417,134.4889831542969
34.070979,-118.442407,134.5033264160156
34.070979,-118.442397,134.5145568847656
34.070979,-118.442387,134.5225067138672
34.070979,-118.442377,134.527099609375
34.070979,-118.442367,134.5252227783203
34.070979,-118.442357,134.5234985351562
34.070979,-118.442347,134.5223999023438
34.070979,-118.442337,134.5214996337891
34.070979,-118.442327,134.5241851806641
34.070979,-118.442317,134.5268707275391
34.070979,-118.442307,134.5351104736328
34.070979,-118.442297,134.5439453125
34.070979,-118.442287,134.5682983398438
34.070979,-118.442277,134.5975799560547
34.070979,-118.442267,134.6216430664062
34.070979,-118.442257,134.6424255371094
34.070979,-118.442247,134.6526336669922
34.070979,-118.442237,134.6508331298828
34.070979,-118.442227,134.6503143310547
34.070979,-118.442217,134.6524658203125
34.070979,-118.442207,134.6556243896484
34.070979,-118.442197,134.6634368896484
34.070979,-118.442187,134.6715850830078
34.070979,-118.442177,134.6902160644531
34.070979,-118.442167,134.7088623046875
34.070979,-118.442157,134.7317352294922
34.070979,-118.442147,134.7551422119141
34.070979,-118.442137,134.7712097167969
34.070979,-118.442127,134.7846832275391
34.070979,-118.442117,134.7812957763672
34.070979,-118.442107,134.7663726806641
34.070979,-118.442097,134.7627410888672
34.070979,-118.442087,134.7730407714844
34.070979,-118.442077,134.7849884033203
34.070979,-118.442067,134.8007965087891
34.070979,-118.442057,134.8156280517578
34.070979,-118.442047,134.8253173828125
34.070979,-118.442037,134.8349914550781
34.070979,-118.442027,134.843017578125
34.070979,-118.442017,134.8510437011719
34.070979,-118.442007,134.8545837402344
34.070979,-118.441997,134.8574066162109
34.070979,-118.441987,134.8486633300781
34.070979,-118.441977,134.8353729248047
34.070979,-118.441967,134.8264465332031
34.070979,-118.441957,134.8207855224609
34.070979,-118.441947,134.8187255859375
34.070979,-118.441937,134.8215484619141
34.070979,-118.441927,134.8305358886719
34.070979,-118.441917,134.8553009033203
34.070979,-118.441907,134.8787841796875
34.070979,-118.441897,134.89404296875
34.070979,-118.441887,134.9093017578125
34.070979,-118.441877,134.9172515869141
34.070979,-118.441867,134.9251251220703
34.070979,-118.441857,134.9209289550781
34.070979,-118.441847,134.9145050048828
34.070979,-118.441837,134.9128570556641
34.070979,-118.441827,134.9132690429688
34.070979,-118.441817,134.9164123535156
34.070979,-118.441807,134.9217987060547
34.070979,-118.441797,134.9306945800781
34.070979,-118.441787,134.9447479248047
34.070979,-118.441777,134.9553375244141
34.070979,-118.441767,134.9561004638672
34.070979,-118.441757,134.9559631347656
34.070979,-118.441747,134.9487762451172
34.070979,-118.441737,134.9416046142578
34.070979,-118.441727,134.9358062744141
34.070979,-118.441717,134.9300689697266
34.070979,-118.441707,134.9269714355469
34.070979,-118.441697,134.9244232177734
34.070979,-118.441687,134.9233703613281
34.070979,-118.441677,134.9230194091797
34.070979,-118.441667,134.9234313964844
34.070979,-118.441657,134.9245147705078
34.070979,-118.441647,134.9231567382812
34.070979,-118.441637,134.9179229736328
34.070979,-118.441627,134.9114074707031
34.070979,-118.441617,134.9008331298828
34.070979,-118.441607,134.889404296875
34.070979,-118.441597,134.8698272705078
34.070979,-118.441587,134.8502349853516
34.070979,-118.441577,134.8304443359375
34.070979,-118.441567,134.8106384277344
34.070979,-118.441557,134.7907104492188
34.070979,-118.441547,134.7707366943359
34.070979,-118.441537,134.7539978027344
34.070979,-118.441527,134.7389373779297
34.070979,-118.441517,134.7281188964844
34.070979,-118.441507,134.7213439941406
34.070979,-118.441497,134.7174835205078
34.070979,-118.441487,134.7186279296875
34.070979,-118.441477,134.713623046875
34.070979,-118.441467,134.6868286132812
34.070979,-118.441457,134.6602630615234
34.070979,-118.441447,134.6363220214844
34.070979,-118.441437,134.6123809814453
34.070979,-118.441427,134.5916595458984
34.070979,-118.441417,134.5711822509766
34.070979,-118.441407,134.5610046386719
34.070979,-118.441397,134.5536804199219
34.070979,-118.441387,134.5496520996094
34.070979,-118.441377,134.5475006103516
34.070979,-118.441367,134.5482788085938
34.070979,-118.441357,134.5520935058594
34.070979,-118.441347,134.5478057861328
34.070979,-118.441337,134.5282592773438
34.070979,-118.441327,134.5084533691406
34.070979,-118.441317,134.4875640869141
34.070979,-118.441307,134.4667205810547
34.070979,-118.441297,134.4462890625
34.070979,-118.441287,134.4258728027344
34.070979,-118.441277,134.4260559082031
34.070979,-118.441267,134.4282989501953
34.070979,-118.441257,134.4230499267578
34.070979,-118.441247,134.4154663085938
34.070979,-118.441237,134.3958129882812
34.070979,-118.441227,134.3686981201172
34.070979,-118.441217,134.3448791503906
34.070979,-118.441207,134.3247528076172
34.070979,-118.441197,134.3051147460938
34.070979,-118.441187,134.2864532470703
34.070979,-118.441177,134.2679443359375
34.070979,-118.441167,134.2501831054688
34.070979,-118.441157,134.2335357666016
34.070979,-118.441147,134.2483367919922
34.070979,-118.441137,134.2631378173828
34.070979,-118.441127,134.2728881835938
34.070979,-118.441117,134.2820129394531
34.070979,-118.441107,134.2730560302734
34.070979,-118.441097,134.2578430175781
34.070979,-118.441087,134.2563018798828
34.070979,-118.441077,134.2640075683594
34.070979,-118.441067,134.2616424560547
34.070979,-118.441057,134.2470245361328
34.070979,-118.441047,134.2127075195312
34.070979,-118.441037,134.1335601806641
34.070979,-118.441027,134.0636138916016
34.070979,-118.441017,134.0421295166016
34.070979,-118.441007,134.0208282470703
34.070979,-118.440997,134.0115966796875
34.070979,-118.440987,134.0023803710938
34.070979,-118.440977,133.9853973388672
34.070979,-118.440967,133.9672241210938
34.070979,-118.440957,133.9533233642578
34.070979,-118.440947,133.9410400390625
34.070979,-118.440937,133.9307250976562
34.070979,-118.440927,133.9218444824219
34.070979,-118.440917,133.9148712158203
34.070979,-118.440907,133.9104156494141
34.070979,-118.440897,133.9059295654297
34.070979,-118.440887,133.9013824462891
34.070979,-118.440877,133.8968048095703
34.070979,-118.440867,133.8921661376953
34.070979,-118.440857,133.8875274658203
34.070979,-118.440847,133.8820190429688
34.070979,-118.440837,133.8765106201172
34.070979,-118.440827,133.8793334960938
34.070979,-118.440817,133.8836669921875
34.070979,-118.440807,133.8906860351562
34.070989,-118.444527,118.9115295410156
34.070989,-118.444517,118.9155197143555
34.070989,-118.444507,118.9183807373047
34.070989,-118.444497,118.9466934204102
34.070989,-118.444487,118.9824447631836
34.070989,-118.444477,119.0210113525391
34.070989,-118.444467,119.0612487792969
34.070989,-118.444457,119.1006011962891
34.070989,-118.444447,119.1389999389648
34.070989,-118.444437,119.1739959716797
34.070989,-118.444427,119.2023162841797
34.070989,-118.444417,119.2311096191406
34.070989,-118.444407,119.2619400024414
34.070989,-118.444397,119.2932662963867
34.070989,-118.444387,119.3349456787109
34.070989,-118.444377,119.3766250610352
34.070989,-118.444367,119.442741394043
34.070989,-118.444357,119.511604309082
34.070989,-118.444347,119.5790786743164
34.070989,-118.444337,119.6461029052734
34.070989,-118.444327,119.6994323730469
34.070989,-118.444317,119.7439117431641
34.070989,-118.444307,119.8050994873047
34.070989,-118.444297,119.8857574462891
34.070989,-118.444287,119.9635543823242
34.070989,-118.444277,120.0351867675781
34.070989,-118.444267,120.0963973999023
34.070989,-118.444257,120.1069107055664
34.070989,-118.444247,120.1174545288086
34.070989,-118.444237,120.1290969848633
34.070989,-118.444227,120.140739440918
34.070989,-118.444217,120.1676025390625
34.070989,-118.444207,120.1965713500977
34.070989,-118.444197,120.2681732177734
34.070989,-118.444187,120.3552932739258
34.070989,-118.444177,120.4397048950195
34.070989,-118.444167,120.5222244262695
34.070989,-118.444157,120.6038665771484
34.070989,-118.444147,120.6844177246094
34.070989,-118.444137,120.7649917602539
34.070989,-118.444127,120.8456344604492
34.070989,-118.444117,120.9213638305664
34.070989,-118.444107,120.9692459106445
34.070989,-118.444097,121.0170669555664
34.070989,-118.444087,121.0515441894531
34.070989,-118.444077,121.0860214233398
34.070989,-118.444067,121.1275253295898
34.070989,-118.444057,121.1701812744141
34.070989,-118.444047,121.2050323486328
34.070989,-118.444037,121.2367324829102
34.070989,-118.444027,121.2658843994141
34.070989,-118.444017,121.2930755615234
34.070989,-118.444007,121.3238754272461
34.070989,-118.443997,121.3596267700195
34.070989,-118.443987,121.4135971069336
34.070989,-118.443977,121.5155029296875
34.070989,-118.443967,121.6215133666992
34.070989,-118.443957,121.7551040649414
34.070989,-118.443947,121.8886871337891
34.070989,-118.443937,121.9424743652344
34.070989,-118.443927,121.9949493408203
34.070989,-118.443917,122.0615310668945
34.070989,-118.443907,122.1308517456055
34.070989,-118.443897,122.2066192626953
34.070989,-118.443887,122.2852630615234
34.070989,-118.443877,122.3472747802734
34.070989,-118.443867,122.3954925537109
34.070989,-118.443857,122.4364700317383
34.070989,-118.443847,122.4666442871094
34.070989,-118.443837,122.4939193725586
34.070989,-118.443827,122.5127105712891
34.070989,-118.443817,122.537223815918
34.070989,-118.443807,122.6083526611328
34.070989,-118.443797,122.6794815063477
34.070989,-118.443787,122.7595367431641
34.070989,-118.443777,122.8399353027344
34.070989,-118.443767,122.9264678955078
34.070989,-118.443757,123.0143737792969
34.070989,-118.443747,123.0783462524414
34.070989,-118.443737,123.1306228637695
34.070989,-118.443727,123.195182800293
34.070989,-118.443717,123.2707977294922
34.070989,-118.443707,123.3551025390625
34.070989,-118.443697,123.4535522460938
34.070989,-118.443687,123.5452423095703
34.070989,-118.443677,123.6148681640625
34.070989,-118.443667,123.6832122802734
34.070989,-118.443657,123.7383422851562
34.070989,-118.443647,123.7934799194336
34.070989,-118.443637,123.833869934082
34.070989,-118.443627,123.8733749389648
34.070989,-118.443617,123.901496887207
34.070989,-118.443607,123.9267272949219
34.070989,-118.443597,123.9633026123047
34.070989,-118.443587,124.0059509277344
34.070989,-118.443577,124.0599746704102
34.070989,-118.443567,124.125129699707
34.070989,-118.443557,124.1865081787109
34.070989,-118.443547,124.2411651611328
34.070989,-118.443537,124.2984008789062
34.070989,-118.443527,124.3650970458984
34.070989,-118.443517,124.4330139160156
34.070989,-118.443507,124.5175552368164
34.070989,-118.443497,124.6021041870117
34.070989,-118.443487,124.7014541625977
34.070989,-118.443477,124.8020553588867
34.070989,-118.443467,124.9048461914062
34.070989,-118.443457,125.0082702636719
34.070989,-118.443447,125.1126937866211
34.070989,-118.443437,125.2177047729492
34.070989,-118.443427,125.383903503418
34.070989,-118.443417,125.6149673461914
34.070989,-118.443407,125.8383941650391
34.070989,-118.443397,126.0469818115234
34.070989,-118.443387,126.2412414550781
34.070989,-118.443377,126.3758926391602
34.070989,-118.443367,126.5104446411133
34.070989,-118.443357,126.6429901123047
34.070989,-118.443347,126.7755355834961
34.070989,-118.443337,126.8847732543945
34.070989,-118.443327,126.9914855957031
34.070989,-118.443317,127.0584869384766
34.070989,-118.443307,127.1127014160156
34.070989,-118.443297,127.1786651611328
34.070989,-118.443287,127.2521057128906
34.070989,-118.443277,127.3423538208008
34.070989,-118.443267,127.4519500732422
34.070989,-118.443257,127.5851287841797
34.070989,-118.443247,127.7685928344727
34.070989,-118.443237,127.9507293701172
34.070989,-118.443227,128.1265106201172
34.070989,-118.443217,128.30126953125
34.070989,-118.443207,128.4404144287109
34.070989,-118.443197,128.5795593261719
34.070989,-118.443187,128.6338500976562
34.070989,-118.443177,128.6767730712891
34.070989,-118.443167,128.7025756835938
34.070989,-118.443157,128.7222290039062
34.070989,-118.443147,128.7405242919922
34.070989,-118.443137,128.7578430175781
34.070989,-118.443127,128.7823638916016
34.070989,-118.443117,128.8158569335938
34.070989,-118.443107,128.9192810058594
34.070989,-118.443097,129.1867065429688
34.070989,-118.443087,129.4583282470703
34.070989,-118.443077,129.7531280517578
34.070989,-118.443067,130.0462341308594
34.070989,-118.443057,130.1103057861328
34.070989,-118.443047,130.1743774414062
34.070989,-118.443037,130.2251129150391
34.070989,-118.443027,130.2737274169922
34.070989,-118.443017,130.318115234375
34.070989,-118.443007,130.3608245849609
34.070989,-118.442997,130.4051818847656
34.070989,-118.442987,130.4508056640625
34.070989,-118.442977,130.5386199951172
34.070989,-118.442967,130.6837158203125
34.070989,-118.442957,130.8408355712891
34.070989,-118.442947,131.0290985107422
34.070989,-118.442937,131.2127685546875
34.070989,-118.442927,131.3664398193359
34.070989,-118.442917,131.5200958251953
34.070989,-118.442907,131.5971221923828
34.070989,-118.442897,131.6731262207031
34.070989,-118.442887,131.7149047851562
34.070989,-118.442877,131.7502136230469
34.070989,-118.442867,131.8043518066406
34.070989,-118.442857,131.8667297363281
34.070989,-118.442847,131.9554443359375
34.070989,-118.442837,132.0657196044922
34.070989,-118.442827,132.190185546875
34.070989,-118.442817,132.3355865478516
34.070989,-118.442807,132.4898986816406
34.070989,-118.442797,132.6698150634766
34.070989,-118.442787,132.8428497314453
34.070989,-118.442777,132.9615631103516
34.070989,-118.442767,133.0802917480469
34.070989,-118.442757,133.1605377197266
34.070989,-118.442747,133.2394561767578
34.070989,-118.442737,133.3805541992188
34.070989,-118.442727,133.5352325439453
34.070989,-118.442717,133.6991577148438
34.070989,-118.442707,133.8675384521484
34.070989,-118.442697,134.0395355224609
34.070989,-118.442687,134.2147674560547
34.070989,-118.442677,134.3510284423828
34.070989,-118.442667,134.4246520996094
34.070989,-118.442657,134.4829864501953
34.070989,-118.442647,134.4923095703125
34.070989,-118.442637,134.4962005615234
34.070989,-118.442627,134.446533203125
34.070989,-118.442617,134.3968811035156
34.070989,-118.442607,134.3951721191406
34.070989,-118.442597,134.3961639404297
34.070989,-118.442587,134.39306640625
34.070989,-118.442577,134.3889465332031
34.070989,-118.442567,134.3813171386719
34.070989,-118.442557,134.371826171875
34.070989,-118.442547,134.3727722167969
34.070989,-118.442537,134.3837738037109
34.070989,-118.442527,134.3936614990234
34.070989,-118.442517,134.4015502929688
34.070989,-118.442507,134.4085235595703
34.070989,-118.442497,134.4122009277344
34.070989,-118.442487,134.4171600341797
34.070989,-118.442477,134.4387817382812
34.070989,-118.442467,134.4604034423828
34.070989,-118.442457,134.4774169921875
34.070989,-118.442447,134.4940643310547
34.070989,-118.442437,134.5045776367188
34.070989,-118.442427,134.5133666992188
34.070989,-118.442417,134.5258026123047
34.070989,-118.442407,134.5403594970703
34.070989,-118.442397,134.5513305664062
34.070989,-118.442387,134.55859375
34.070989,-118.442377,134.5618438720703
34.070989,-118.442367,134.5574645996094
34.070989,-118.442357,134.5532073974609
34.070989,-118.442347,134.5494842529297
34.070989,-118.442337,134.5459899902344
34.070989,-118.442327,134.5467071533203
34.070989,-118.442317,134.5474243164062
34.070989,-118.442307,134.5547637939453
34.070989,-118.442297,134.5627746582031
34.070989,-118.442287,134.5929412841797
34.070989,-118.442277,134.6300964355469
34.070989,-118.442267,134.6604614257812
34.070989,-118.442257,134.6865539550781
34.070989,-118.442247,134.6986083984375
34.070989,-118.442237,134.6947326660156
34.070989,-118.442227,134.6932830810547
34.070989,-118.442217,134.6969451904297
34.070989,-118.442207,134.7013702392578
34.070989,-118.442197,134.7093048095703
34.070989,-118.442187,134.7174224853516
34.070989,-118.442177,134.7316131591797
34.070989,-118.442167,134.7458038330078
34.070989,-118.442157,134.7650451660156
34.070989,-118.442147,134.7849273681641
34.070989,-118.442137,134.7982482910156
34.070989,-118.442127,134.8092498779297
34.070989,-118.442117,134.8048858642578
34.070989,-118.442107,134.7899780273438
34.070989,-118.442097,134.7869567871094
34.070989,-118.442087,134.798583984375
34.070989,-118.442077,134.8118133544922
34.070989,-118.442067,134.8287506103516
34.070989,-118.442057,134.8445129394531
34.070989,-118.442047,134.8539123535156
34.070989,-118.442037,134.86328125
34.070989,-118.442027,134.8693084716797
34.070989,-118.442017,134.8753509521484
34.070989,-118.442007,134.8773956298828
34.070989,-118.441997,134.8788146972656
34.070989,-118.441987,134.8716735839844
34.070989,-118.441977,134.8611907958984
34.070989,-118.441967,134.8532257080078
34.070989,-118.441957,134.84716796875
34.070989,-118.441947,134.8441009521484
34.070989,-118.441937,134.8450469970703
34.070989,-118.441927,134.8520660400391
34.070989,-118.441917,134.87451171875
34.070989,-118.441907,134.8960876464844
34.070989,-118.441897,134.9121246337891
34.070989,-118.441887,134.9281768798828
34.070989,-118.441877,134.9373626708984
34.070989,-118.441867,134.9464874267578
34.070989,-118.441857,134.9396057128906
34.070989,-118.441847,134.9297637939453
34.070989,-118.441837,134.9273223876953
34.070989,-118.441827,134.9280548095703
34.070989,-118.441817,134.9324951171875
34.070989,-118.441807,134.9399261474609
34.070989,-118.441797,134.9503479003906
34.070989,-118.441787,134.9651641845703
34.070989,-118.441777,134.9768981933594
34.070989,-118.441767,134.9799957275391
34.070989,-118.441757,134.9821929931641
34.070989,-118.441747,134.9776153564453
34.070989,-118.441737,134.9730377197266
34.070989,-118.441727,134.9645843505859
34.070989,-118.441717,134.9560241699219
34.070989,-118.441707,134.95458984375
34.070989,-118.441697,134.9546966552734
34.070989,-118.441687,134.9585113525391
34.070989,-118.441677,134.964111328125
34.070989,-118.441667,134.9679260253906
34.070989,-118.441657,134.9701690673828
34.070989,-118.441647,134.9698028564453
34.070989,-118.441637,134.9652709960938
34.070989,-118.441627,134.9593963623047
34.070989,-118.441617,134.9493103027344
34.070989,-118.441607,134.9384765625
34.070989,-118.441597,134.9207153320312
34.070989,-118.441587,134.9029388427734
34.070989,-118.441577,134.8854827880859
34.070989,-118.441567,134.8680419921875
34.070989,-118.441557,134.8506469726562
34.070989,-118.441547,134.833251953125
34.070989,-118.441537,134.8078765869141
34.070989,-118.441527,134.7783355712891
34.070989,-118.441517,134.7561950683594
34.070989,-118.441507,134.7410888671875
34.070989,-118.441497,134.7310943603516
34.070989,-118.441487,134.7299346923828
34.070989,-118.441477,134.7217864990234
34.070989,-118.441467,134.6890106201172
34.070989,-118.441457,134.6563720703125
34.070989,-118.441447,134.6253356933594
34.070989,-118.441437,134.5943145751953
34.070989,-118.441427,134.5652313232422
34.070989,-118.441417,134.5363159179688
34.070989,-118.441407,134.5317840576172
34.070989,-118.441397,134.5339813232422
34.070989,-118.441387,134.5385131835938
34.070989,-118.441377,134.5443420410156
34.070989,-118.441367,134.5517730712891
34.070989,-118.441357,134.5608825683594
34.070989,-118.441347,134.5604705810547
34.070989,-118.441337,134.5420684814453
34.070989,-118.441327,134.5236053466797
34.070989,-118.441317,134.5048370361328
34.070989,-118.441307,134.4861907958984
34.070989,-118.441297,134.4695587158203
34.070989,-118.441287,134.4529418945312
34.070989,-118.441277,134.4534759521484
34.070989,-118.441267,134.4557342529297
34.070989,-118.441257,134.4520568847656
34.070989,-118.441247,134.4465484619141
34.070989,-118.441237,134.4313201904297
34.070989,-118.441227,134.4100799560547
34.070989,-118.441217,134.3919677734375
34.070989,-118.441207,134.3773651123047
34.070989,-118.441197,134.3627624511719
34.070989,-118.441187,134.3482055664062
34.070989,-118.441177,134.3334197998047
34.070989,-118.441167,134.3175811767578
34.070989,-118.441157,134.302490234375
34.070989,-118.441147,134.3087158203125
34.070989,-118.441137,134.31494140625
34.070989,-118.441127,134.319091796875
34.070989,-118.441117,134.3229675292969
34.070989,-118.441107,134.3171234130859
34.070989,-118.441097,134.3078918457031
34.070989,-118.441087,134.3069000244141
34.070989,-118.441077,134.3114624023438
34.070989,-118.441067,134.3058776855469
34.070989,-118.441057,134.2879028320312
34.070989,-118.441047,134.2514190673828
34.070989,-118.441037,134.1727905273438
34.070989,-118.441027,134.1040649414062
34.070989,-118.441017,134.0876007080078
34.070989,-118.441007,134.0712738037109
34.070989,-118.440997,134.0646820068359
34.070989,-118.440987,134.0580902099609
34.070989,-118.440977,134.0358276367188
34.070989,-118.440967,134.0111846923828
34.070989,-118.440957,133.9913940429688
34.070989,-118.440947,133.9734802246094
34.070989,-118.440937,133.9590454101562
34.070989,-118.440927,133.9471588134766
34.070989,-118.440917,133.9402618408203
34.070989,-118.440907,133.9399566650391
34.070989,-118.440897,133.9367370605469
34.070989,-118.440887,133.9262390136719
34.070989,-118.440877,133.9153900146484
34.070989,-118.440867,133.9023590087891
34.070989,-118.440857,133.8893280029297
34.070989,-118.440847,133.8802642822266
34.070989,-118.440837,133.8712310791016
34.070989,-118.440827,133.8745574951172
34.070989,-118.440817,133.8801116943359
34.070989,-118.440807,133.8897705078125
34.070999,-118.444527,118.8896942138672
34.070999,-118.444517,118.8965911865234
34.070999,-118.444507,118.9028549194336
34.070999,-118.444497,118.9390563964844
34.070999,-118.444487,118.9840240478516
34.070999,-118.444477,119.0302200317383
34.070999,-118.444467,119.0771560668945
34.070999,-118.444457,119.1200714111328
34.070999,-118.444447,119.1586608886719
34.070999,-118.444437,119.1965713500977
34.070999,-118.444427,119.2331161499023
34.070999,-118.444417,119.2695541381836
34.070999,-118.444407,119.3054962158203
34.070999,-118.444397,119.3414459228516
34.070999,-118.444387,119.3774871826172
34.070999,-118.444377,119.4135284423828
34.070999,-118.444367,119.4768753051758
34.070999,-118.444357,119.5432891845703
34.070999,-118.444347,119.6116409301758
34.070999,-118.444337,119.6806259155273
34.070999,-118.444327,119.7415771484375
34.070999,-118.444317,119.7973556518555
34.070999,-118.444307,119.8594360351562
34.070999,-118.444297,119.9288864135742
34.070999,-118.444287,119.9958343505859
34.070999,-118.444277,120.0573883056641
34.070999,-118.444267,120.1126937866211
34.070999,-118.444257,120.1375198364258
34.070999,-118.444247,120.1620788574219
34.070999,-118.444237,120.1761474609375
34.070999,-118.444227,120.1902160644531
34.070999,-118.444217,120.2156143188477
34.070999,-118.444207,120.2425765991211
34.070999,-118.444197,120.3115539550781
34.070999,-118.444187,120.3958358764648
34.070999,-118.444177,120.4795913696289
34.070999,-118.444167,120.5629806518555
34.070999,-118.444157,120.6459274291992
34.070999,-118.444147,120.7283096313477
34.070999,-118.444137,120.8099975585938
34.070999,-118.444127,120.8900299072266
34.070999,-118.444117,120.9638366699219
34.070999,-118.444107,121.0023880004883
34.070999,-118.444097,121.0408630371094
34.070999,-118.444087,121.0625457763672
34.070999,-118.444077,121.084228515625
34.070999,-118.444067,121.1167449951172
34.070999,-118.444057,121.1510543823242
34.070999,-118.444047,121.1823883056641
34.070999,-118.444037,121.212532043457
34.070999,-118.444027,121.2449722290039
34.070999,-118.444017,121.2791748046875
34.070999,-118.444007,121.3300018310547
34.070999,-118.443997,121.403694152832
34.070999,-118.443987,121.4867706298828
34.070999,-118.443977,121.5945434570312
34.070999,-118.443967,121.7040710449219
34.070999,-118.443957,121.8254165649414
34.070999,-118.443947,121.9467620849609
34.070999,-118.443937,122.0045928955078
34.070999,-118.443927,122.0613784790039
34.070999,-118.443917,122.1281890869141
34.070999,-118.443907,122.1969299316406
34.070999,-118.443897,122.2693634033203
34.070999,-118.443887,122.3434295654297
34.070999,-118.443877,122.3984603881836
34.070999,-118.443867,122.4377059936523
34.070999,-118.443857,122.4691467285156
34.070999,-118.443847,122.4889297485352
34.070999,-118.443837,122.5056762695312
34.070999,-118.443827,122.5135803222656
34.070999,-118.443817,122.5281295776367
34.070999,-118.443807,122.5968627929688
34.070999,-118.443797,122.6656036376953
34.070999,-118.443787,122.7454223632812
34.070999,-118.443777,122.8256683349609
34.070999,-118.443767,122.9134216308594
34.070999,-118.443757,123.0028457641602
34.070999,-118.443747,123.0677261352539
34.070999,-118.443737,123.1206283569336
34.070999,-118.443727,123.1874160766602
34.070999,-118.443717,123.2667083740234
34.070999,-118.443707,123.3558349609375
34.070999,-118.443697,123.4609985351562
34.070999,-118.443687,123.5584106445312
34.070999,-118.443677,123.6305694580078
34.070999,-118.443667,123.7010650634766
34.070999,-118.443657,123.7544479370117
34.070999,-118.443647,123.8078308105469
34.070999,-118.443637,123.8421936035156
34.070999,-118.443627,123.8754119873047
34.070999,-118.443617,123.9029846191406
34.070999,-118.443607,123.9291229248047
34.070999,-118.443597,123.9677200317383
34.070999,-118.443587,124.0129623413086
34.070999,-118.443577,124.0703735351562
34.070999,-118.443567,124.1396560668945
34.070999,-118.443557,124.200813293457
34.070999,-118.443547,124.2475509643555
34.070999,-118.443537,124.2976913452148
34.070999,-118.443527,124.3603439331055
34.070999,-118.443517,124.4246597290039
34.070999,-118.443507,124.5115280151367
34.070999,-118.443497,124.5984039306641
34.070999,-118.443487,124.7012100219727
34.070999,-118.443477,124.8053512573242
34.070999,-118.443467,124.9108657836914
34.070999,-118.443457,125.0167617797852
34.070999,-118.443447,125.1227035522461
34.070999,-118.443437,125.2286605834961
34.070999,-118.443427,125.3952560424805
34.070999,-118.443417,125.6261291503906
34.070999,-118.443407,125.8472518920898
34.070999,-118.443397,126.049430847168
34.070999,-118.443387,126.2354125976562
34.070999,-118.443377,126.3540649414062
34.070999,-118.443367,126.4731521606445
34.070999,-118.443357,126.6007385253906
34.070999,-118.443347,126.7283248901367
34.070999,-118.443337,126.8362274169922
34.070999,-118.443327,126.9419937133789
34.070999,-118.443317,127.0117645263672
34.070999,-118.443307,127.0699462890625
34.070999,-118.443297,127.1364669799805
34.070999,-118.443287,127.2082901000977
34.070999,-118.443277,127.3009872436523
34.070999,-118.443267,127.4177093505859
34.070999,-118.443257,127.5654220581055
34.070999,-118.443247,127.7791976928711
34.070999,-118.443237,127.98388671875
34.070999,-118.443227,128.145263671875
34.070999,-118.443217,128.3056945800781
34.070999,-118.443207,128.4328308105469
34.070999,-118.443197,128.5599517822266
34.070999,-118.443187,128.6379241943359
34.070999,-118.443177,128.7093048095703
34.070999,-118.443167,128.7455139160156
34.070999,-118.443157,128.7691040039062
34.070999,-118.443147,128.7864685058594
34.070999,-118.443137,128.7994842529297
34.070999,-118.443127,128.8189849853516
34.070999,-118.443117,128.8465423583984
34.070999,-118.443107,128.9467620849609
34.070999,-118.443097,129.2173614501953
34.070999,-118.443087,129.4921264648438
34.070999,-118.443077,129.7900085449219
34.070999,-118.443067,130.0861511230469
34.070999,-118.443057,130.1472778320312
34.070999,-118.443047,130.2084197998047
34.070999,-118.443037,130.2514953613281
34.070999,-118.443027,130.2916717529297
34.070999,-118.443017,130.3276672363281
34.070999,-118.443007,130.3619995117188
34.070999,-118.442997,130.4044494628906
34.070999,-118.442987,130.4530181884766
34.070999,-118.442977,130.5500183105469
34.070999,-118.442967,130.7126770019531
34.070999,-118.442957,130.8872375488281
34.070999,-118.442947,131.0926055908203
34.070999,-118.442937,131.2880706787109
34.070999,-118.442927,131.4190673828125
34.070999,-118.442917,131.5500640869141
34.070999,-118.442907,131.6183929443359
34.070999,-118.442897,131.6858978271484
34.070999,-118.442887,131.7281799316406
34.070999,-118.442877,131.7657165527344
34.070999,-118.442867,131.8323059082031
34.070999,-118.442857,131.91162109375
34.070999,-118.442847,132.0031890869141
34.070999,-118.442837,132.1047973632812
34.070999,-118.442827,132.2144012451172
34.070999,-118.442817,132.3357849121094
34.070999,-118.442807,132.4697723388672
34.070999,-118.442797,132.6399841308594
34.070999,-118.442787,132.8049163818359
34.070999,-118.442777,132.9283294677734
34.070999,-118.442767,133.0517578125
34.070999,-118.442757,133.1468353271484
34.070999,-118.442747,133.2409515380859
34.070999,-118.442737,133.3917236328125
34.070999,-118.442727,133.5548553466797
34.070999,-118.442717,133.7440490722656
34.070999,-118.442707,133.9457702636719
34.070999,-118.442697,134.1598663330078
34.070999,-118.442687,134.3849639892578
34.070999,-118.442677,134.540771484375
34.070999,-118.442667,134.585205078125
34.070999,-118.442657,134.6138000488281
34.070999,-118.442647,134.5916442871094
34.070999,-118.442637,134.5639343261719
34.070999,-118.442627,134.4813385009766
34.070999,-118.442617,134.3987426757812
34.070999,-118.442607,134.3948669433594
34.070999,-118.442597,134.3954467773438
34.070999,-118.442587,134.3929748535156
34.070999,-118.442577,134.3897552490234
34.070999,-118.442567,134.3838806152344
34.070999,-118.442557,134.3766021728516
34.070999,-118.442547,134.3831481933594
34.070999,-118.442537,134.4030303955078
34.070999,-118.442527,134.4218139648438
34.070999,-118.442517,134.4386901855469
34.070999,-118.442507,134.4547271728516
34.070999,-118.442497,134.4676818847656
34.070999,-118.442487,134.4811401367188
34.070999,-118.442477,134.5009613037109
34.070999,-118.442467,134.5207672119141
34.070999,-118.442457,134.5335998535156
34.070999,-118.442447,134.5458831787109
34.070999,-118.442437,134.5501403808594
34.070999,-118.442427,134.5521545410156
34.070999,-118.442417,134.5603790283203
34.070999,-118.442407,134.5721740722656
34.070999,-118.442397,134.5809478759766
34.070999,-118.442387,134.5865631103516
34.070999,-118.442377,134.5886077880859
34.070999,-118.442367,134.5838470458984
34.070999,-118.442357,134.5791015625
34.070999,-118.442347,134.5744781494141
34.070999,-118.442337,134.570068359375
34.070999,-118.442327,134.5697174072266
34.070999,-118.442317,134.5693664550781
34.070999,-118.442307,134.5754699707031
34.070999,-118.442297,134.5822601318359
34.070999,-118.442287,134.6173095703125
34.070999,-118.442277,134.6612854003906
34.070999,-118.442267,134.6973114013672
34.070999,-118.442257,134.7283630371094
34.070999,-118.442247,134.7428283691406
34.070999,-118.442237,134.7384796142578
34.070999,-118.442227,134.7386474609375
34.070999,-118.442217,134.7482757568359
34.070999,-118.442207,134.7581024169922
34.070999,-118.442197,134.7687683105469
34.070999,-118.442187,134.7793273925781
34.070999,-118.442177,134.7862854003906
34.070999,-118.442167,134.7932586669922
34.070999,-118.442157,134.8078002929688
34.070999,-118.442147,134.8233337402344
34.070999,-118.442137,134.8341217041016
34.070999,-118.442127,134.8432312011719
34.070999,-118.442117,134.8399658203125
34.070999,-118.442107,134.8282470703125
34.070999,-118.442097,134.8267974853516
34.070999,-118.442087,134.8380432128906
34.070999,-118.442077,134.8504028320312
34.070999,-118.442067,134.8653259277344
34.070999,-118.442057,134.87890625
34.070999,-118.442047,134.8851928710938
34.070999,-118.442037,134.8914337158203
34.070999,-118.442027,134.8951873779297
34.070999,-118.442017,134.8989410400391
34.070999,-118.442007,134.9004516601562
34.070999,-118.441997,134.9016265869141
34.070999,-118.441987,134.8987121582031
34.070999,-118.441977,134.8941955566406
34.070999,-118.441967,134.8913726806641
34.070999,-118.441957,134.8898010253906
34.070999,-118.441947,134.8899688720703
34.070999,-118.441937,134.8924713134766
34.070999,-118.441927,134.8983306884766
34.070999,-118.441917,134.9127197265625
34.070999,-118.441907,134.9271240234375
34.070999,-118.441897,134.9415283203125
34.070999,-118.441887,134.9559478759766
34.070999,-118.441877,134.9654541015625
34.070999,-118.441867,134.9749298095703
34.070999,-118.441857,134.9644622802734
34.070999,-118.441847,134.9503326416016
34.070999,-118.441837,134.9476623535156
34.070999,-118.441827,134.9499359130859
34.070999,-118.441817,134.9573364257812
34.070999,-118.441807,134.9688873291016
34.070999,-118.441797,134.9823303222656
34.070999,-118.441787,134.99853515625
34.070999,-118.441777,135.0130615234375
34.070999,-118.441767,135.0228424072266
34.070999,-118.441757,135.0319519042969
34.070999,-118.441747,135.0358428955078
34.070999,-118.441737,135.0397338867188
34.070999,-118.441727,135.0285339355469
34.070999,-118.441717,135.0168762207031
34.070999,-118.441707,135.0165557861328
34.070999,-118.441697,135.0186614990234
34.070999,-118.441687,135.0264587402344
34.070999,-118.441677,135.0369415283203
34.070999,-118.441667,135.0425872802734
34.070999,-118.441657,135.0439758300781
34.070999,-118.441647,135.0425262451172
34.070999,-118.441637,135.0365447998047
34.070999,-118.441627,135.0292663574219
34.070999,-118.441617,135.0178833007812
34.070999,-118.441607,135.0066680908203
34.070999,-118.441597,134.9969787597656
34.070999,-118.441587,134.9873046875
34.070999,-118.441577,134.9749450683594
34.070999,-118.441567,134.9624481201172
34.070999,-118.441557,134.9473571777344
34.070999,-118.441547,134.9316558837891
34.070999,-118.441537,134.8927307128906
34.070999,-118.441527,134.8417510986328
34.070999,-118.441517,134.8010711669922
34.070999,-118.441507,134.7702331542969
34.070999,-118.441497,134.74658203125
34.070999,-118.441487,134.7353515625
34.070999,-118.441477,134.71728515625
34.070999,-118.441467,134.6750183105469
34.070999,-118.441457,134.6328277587891
34.070999,-118.441447,134.5917510986328
34.070999,-118.441437,134.5506591796875
34.070999,-118.441427,134.5106811523438
34.070999,-118.441417,134.4707946777344
34.070999,-118.441407,134.4776000976562
34.070999,-118.441397,134.4973449707031
34.070999,-118.441387,134.5157928466797
34.070999,-118.441377,134.5335235595703
34.070999,-118.441367,134.5488433837891
34.070999,-118.441357,134.5616607666016
34.070999,-118.441347,134.565185546875
34.070999,-118.441337,134.5511779785156
34.070999,-118.441327,134.53759765625
34.070999,-118.441317,134.5257568359375
34.070999,-118.441307,134.5142211914062
34.070999,-118.441297,134.5078430175781
34.070999,-118.441287,134.50146484375
34.070999,-118.441277,134.4967346191406
34.070999,-118.441267,134.4921569824219
34.070999,-118.441257,134.4872436523438
34.070999,-118.441247,134.4822235107422
34.070999,-118.441237,134.4763488769531
34.070999,-118.441227,134.4699249267578
34.070999,-118.441217,134.4667358398438
34.070999,-118.441207,134.4671325683594
34.070999,-118.441197,134.4653930664062
34.070999,-118.441187,134.4591522216797
34.070999,-118.441177,134.4505767822266
34.070999,-118.441167,134.4312286376953
34.070999,-118.441157,134.4124603271484
34.070999,-118.441147,134.4097595214844
34.070999,-118.441137,134.4070587158203
34.070999,-118.441127,134.4054107666016
34.070999,-118.441117,134.4038848876953
34.070999,-118.441107,134.3993530273438
34.070999,-118.441097,134.393798828125
34.070999,-118.441087,134.3806304931641
34.070999,-118.441077,134.3623352050781
34.070999,-118.441067,134.3394012451172
34.070999,-118.441057,134.3108215332031
34.070999,-118.441047,134.2764587402344
34.070999,-118.441037,134.2289581298828
34.070999,-118.441027,134.1885986328125
34.070999,-118.441017,134.1858673095703
34.070999,-118.441007,134.18310546875
34.070999,-118.440997,134.1792449951172
34.070999,-118.440987,134.1753845214844
34.070999,-118.440977,134.14208984375
34.070999,-118.440967,134.1043243408203
34.070999,-118.440957,134.07177734375
34.070999,-118.440947,134.0412292480469
34.070999,-118.440937,134.0165252685547
34.070999,-118.440927,133.99609375
34.070999,-118.440917,133.9857788085938
34.070999,-118.440907,133.9888305664062
34.070999,-118.440897,133.9861907958984
34.070999,-118.440887,133.96923828125
34.070999,-118.440877,133.9515686035156
34.070999,-118.440867,133.9294586181641
34.070999,-118.440857,133.9073638916016
34.070999,-118.440847,133.8924560546875
34.070999,-118.440837,133.8775787353516
34.070999,-118.440827,133.8752136230469
34.070999,-118.440817,133.8751068115234
34.070999,-118.440807,133.8808135986328
34.071009,-118.444527,118.8711547851562
34.071009,-118.444517,118.880973815918
34.071009,-118.444507,118.8905944824219
34.071009,-118.444497,118.9332504272461
34.071009,-118.444487,118.9855651855469
34.071009,-118.444477,119.0383911132812
34.071009,-118.444467,119.0915298461914
34.071009,-118.444457,119.1390075683594
34.071009,-118.444447,119.1804122924805
34.071009,-118.444437,119.2232284545898
34.071009,-118.444427,119.2688446044922
34.071009,-118.444417,119.3137130737305
34.071009,-118.444407,119.3554229736328
34.071009,-118.444397,119.3966827392578
34.071009,-118.444387,119.4283218383789
34.071009,-118.444377,119.4599609375
34.071009,-118.444367,119.5175247192383
34.071009,-118.444357,119.577995300293
34.071009,-118.444347,119.6435928344727
34.071009,-118.444337,119.7108688354492
34.071009,-118.444327,119.7771453857422
34.071009,-118.444317,119.8427658081055
34.071009,-118.444307,119.9054641723633
34.071009,-118.444297,119.9647445678711
34.071009,-118.444287,120.0218353271484
34.071009,-118.444277,120.0741958618164
34.071009,-118.444267,120.1239395141602
34.071009,-118.444257,120.1609573364258
34.071009,-118.444247,120.1975250244141
34.071009,-118.444237,120.2163467407227
34.071009,-118.444227,120.2351760864258
34.071009,-118.444217,120.2622604370117
34.071009,-118.444207,120.2904891967773
34.071009,-118.444197,120.3584518432617
34.071009,-118.444187,120.4408798217773
34.071009,-118.444177,120.5241165161133
34.071009,-118.444167,120.6079025268555
34.071009,-118.444157,120.6912612915039
34.071009,-118.444147,120.7740631103516
34.071009,-118.444137,120.8550338745117
34.071009,-118.444127,120.9316558837891
34.071009,-118.444117,121.0016555786133
34.071009,-118.444107,121.0340957641602
34.071009,-118.444097,121.0664596557617
34.071009,-118.444087,121.0802154541016
34.071009,-118.444077,121.0939788818359
34.071009,-118.444067,121.1170425415039
34.071009,-118.444057,121.1416320800781
34.071009,-118.444047,121.1686019897461
34.071009,-118.444037,121.1965255737305
34.071009,-118.444027,121.231575012207
34.071009,-118.444017,121.2720718383789
34.071009,-118.444007,121.3409042358398
34.071009,-118.443997,121.4486923217773
34.071009,-118.443987,121.557861328125
34.071009,-118.443977,121.6706695556641
34.071009,-118.443967,121.7830963134766
34.071009,-118.443957,121.8929672241211
34.071009,-118.443947,122.0028457641602
34.071009,-118.443937,122.062614440918
34.071009,-118.443927,122.1215591430664
34.071009,-118.443917,122.1875991821289
34.071009,-118.443907,122.255012512207
34.071009,-118.443897,122.3240509033203
34.071009,-118.443887,122.3938140869141
34.071009,-118.443877,122.4425354003906
34.071009,-118.443867,122.4738006591797
34.071009,-118.443857,122.4972381591797
34.071009,-118.443847,122.5089569091797
34.071009,-118.443837,122.5177383422852
34.071009,-118.443827,122.5179290771484
34.071009,-118.443817,122.5252685546875
34.071009,-118.443807,122.5908889770508
34.071009,-118.443797,122.6565093994141
34.071009,-118.443787,122.7362899780273
34.071009,-118.443777,122.8165969848633
34.071009,-118.443767,122.9064712524414
34.071009,-118.443757,122.9984741210938
34.071009,-118.443747,123.0658645629883
34.071009,-118.443737,123.121223449707
34.071009,-118.443727,123.1905670166016
34.071009,-118.443717,123.2725067138672
34.071009,-118.443707,123.3643569946289
34.071009,-118.443697,123.4723510742188
34.071009,-118.443687,123.5724105834961
34.071009,-118.443677,123.6465911865234
34.071009,-118.443667,123.7187042236328
34.071009,-118.443657,123.7696762084961
34.071009,-118.443647,123.8206481933594
34.071009,-118.443637,123.8481750488281
34.071009,-118.443627,123.8742828369141
34.071009,-118.443617,123.9014282226562
34.071009,-118.443607,123.928840637207
34.071009,-118.443597,123.9695739746094
34.071009,-118.443587,124.0174179077148
34.071009,-118.443577,124.0779342651367
34.071009,-118.443567,124.1508331298828
34.071009,-118.443557,124.2111129760742
34.071009,-118.443547,124.2489700317383
34.071009,-118.443537,124.2911605834961
34.071009,-118.443527,124.349250793457
34.071009,-118.443517,124.4094772338867
34.071009,-118.443507,124.498649597168
34.071009,-118.443497,124.5878295898438
34.071009,-118.443487,124.6973419189453
34.071009,-118.443477,124.8085708618164
34.071009,-118.443467,124.9194717407227
34.071009,-118.443457,125.0302810668945
34.071009,-118.443447,125.1387100219727
34.071009,-118.443437,125.2457427978516
34.071009,-118.443427,125.4100799560547
34.071009,-118.443417,125.6351623535156
34.071009,-118.443407,125.8486328125
34.071009,-118.443397,126.03955078125
34.071009,-118.443387,126.2129440307617
34.071009,-118.443377,126.3134994506836
34.071009,-118.443367,126.4151611328125
34.071009,-118.443357,126.5387496948242
34.071009,-118.443347,126.6623458862305
34.071009,-118.443337,126.7687606811523
34.071009,-118.443327,126.8733215332031
34.071009,-118.443317,126.9428863525391
34.071009,-118.443307,127.0011978149414
34.071009,-118.443297,127.0682601928711
34.071009,-118.443287,127.1408996582031
34.071009,-118.443277,127.2379913330078
34.071009,-118.443267,127.3632125854492
34.071009,-118.443257,127.52490234375
34.071009,-118.443247,127.7643280029297
34.071009,-118.443237,127.9883422851562
34.071009,-118.443227,128.1389923095703
34.071009,-118.443217,128.2888031005859
34.071009,-118.443207,128.4089050292969
34.071009,-118.443197,128.5290222167969
34.071009,-118.443187,128.6330261230469
34.071009,-118.443177,128.73486328125
34.071009,-118.443167,128.7832794189453
34.071009,-118.443157,128.8125610351562
34.071009,-118.443147,128.8306732177734
34.071009,-118.443137,128.8410339355469
34.071009,-118.443127,128.8569641113281
34.071009,-118.443117,128.8798828125
34.071009,-118.443107,128.9769287109375
34.071009,-118.443097,129.2479248046875
34.071009,-118.443087,129.5229187011719
34.071009,-118.443077,129.8201293945312
34.071009,-118.443067,130.1155700683594
34.071009,-118.443057,130.1720733642578
34.071009,-118.443047,130.2285614013672
34.071009,-118.443037,130.2661285400391
34.071009,-118.443027,130.3006591796875
34.071009,-118.443017,130.3313751220703
34.071009,-118.443007,130.360595703125
34.071009,-118.442997,130.4006195068359
34.071009,-118.442987,130.4487915039062
34.071009,-118.442977,130.550537109375
34.071009,-118.442967,130.7249603271484
34.071009,-118.442957,130.9115142822266
34.071009,-118.442947,131.1295013427734
34.071009,-118.442937,131.3343048095703
34.071009,-118.442927,131.452880859375
34.071009,-118.442917,131.5714416503906
34.071009,-118.442907,131.6358489990234
34.071009,-118.442897,131.6995391845703
34.071009,-118.442887,131.7438812255859
34.071009,-118.442877,131.7845611572266
34.071009,-118.442867,131.8613128662109
34.071009,-118.442857,131.9538421630859
34.071009,-118.442847,132.0482025146484
34.071009,-118.442837,132.1440734863281
34.071009,-118.442827,132.2430572509766
34.071009,-118.442817,132.3466339111328
34.071009,-118.442807,132.4639587402344
34.071009,-118.442797,132.6208038330078
34.071009,-118.442787,132.7741088867188
34.071009,-118.442777,132.8995666503906
34.071009,-118.442767,133.0250244140625
34.071009,-118.442757,133.1325531005859
34.071009,-118.442747,133.2394561767578
34.071009,-118.442737,133.3935394287109
34.071009,-118.442727,133.5579071044922
34.071009,-118.442717,133.7674255371094
34.071009,-118.442707,133.9986419677734
34.071009,-118.442697,134.2523345947266
34.071009,-118.442687,134.5259857177734
34.071009,-118.442677,134.7004089355469
34.071009,-118.442667,134.7153472900391
34.071009,-118.442657,134.7153930664062
34.071009,-118.442647,134.667724609375
34.071009,-118.442637,134.6148681640625
34.071009,-118.442627,134.5108337402344
34.071009,-118.442617,134.4067993164062
34.071009,-118.442607,134.3997344970703
34.071009,-118.442597,134.3981628417969
34.071009,-118.442587,134.3954162597656
34.071009,-118.442577,134.3923645019531
34.071009,-118.442567,134.3881988525391
34.071009,-118.442557,134.3834533691406
34.071009,-118.442547,134.3963165283203
34.071009,-118.442537,134.4261627197266
34.071009,-118.442527,134.4536437988281
34.071009,-118.442517,134.4769897460938
34.071009,-118.442507,134.4986724853516
34.071009,-118.442497,134.5142974853516
34.071009,-118.442487,134.5301971435547
34.071009,-118.442477,134.5493774414062
34.071009,-118.442467,134.5685729980469
34.071009,-118.442457,134.5789031982422
34.071009,-118.442447,134.5885467529297
34.071009,-118.442437,134.5884704589844
34.071009,-118.442427,134.5856781005859
34.071009,-118.442417,134.5907897949219
34.071009,-118.442407,134.6004486083984
34.071009,-118.442397,134.6074676513672
34.071009,-118.442387,134.6117095947266
34.071009,-118.442377,134.6127166748047
34.071009,-118.442367,134.6075592041016
34.071009,-118.442357,134.6026306152344
34.071009,-118.442347,134.5986938476562
34.071009,-118.442337,134.5949249267578
34.071009,-118.442327,134.594482421875
34.071009,-118.442317,134.5940551757812
34.071009,-118.442307,134.5987854003906
34.071009,-118.442297,134.6040496826172
34.071009,-118.442287,134.6438598632812
34.071009,-118.442277,134.6945953369141
34.071009,-118.442267,134.7364196777344
34.071009,-118.442257,134.7726440429688
34.071009,-118.442247,134.7900390625
34.071009,-118.442237,134.7860260009766
34.071009,-118.442227,134.787353515625
34.071009,-118.442217,134.7999114990234
34.071009,-118.442207,134.8122253417969
34.071009,-118.442197,134.8233642578125
34.071009,-118.442187,134.8341674804688
34.071009,-118.442177,134.8349456787109
34.071009,-118.442167,134.8357391357422
34.071009,-118.442157,134.8493957519531
34.071009,-118.442147,134.8647155761719
34.071009,-118.442137,134.8767700195312
34.071009,-118.442127,134.8876800537109
34.071009,-118.442117,134.8873748779297
34.071009,-118.442107,134.8794250488281
34.071009,-118.442097,134.8800811767578
34.071009,-118.442087,134.8913269042969
34.071009,-118.442077,134.9026947021484
34.071009,-118.442067,134.9142913818359
34.071009,-118.442057,134.9236450195312
34.071009,-118.442047,134.9208374023438
34.071009,-118.442037,134.9180755615234
34.071009,-118.442027,134.9184112548828
34.071009,-118.442017,134.9187469482422
34.071009,-118.442007,134.9196166992188
34.071009,-118.441997,134.9205780029297
34.071009,-118.441987,134.9208526611328
34.071009,-118.441977,134.9208679199219
34.071009,-118.441967,134.92236328125
34.071009,-118.441957,134.9249877929688
34.071009,-118.441947,134.9286041259766
34.071009,-118.441937,134.9335632324219
34.071009,-118.441927,134.9400177001953
34.071009,-118.441917,134.9503021240234
34.071009,-118.441907,134.9610748291016
34.071009,-118.441897,134.9750366210938
34.071009,-118.441887,134.989013671875
34.071009,-118.441877,134.9987030029297
34.071009,-118.441867,135.0083465576172
34.071009,-118.441857,134.9938507080078
34.071009,-118.441847,134.9749145507812
34.071009,-118.441837,134.9712677001953
34.071009,-118.441827,134.9742126464844
34.071009,-118.441817,134.9838409423828
34.071009,-118.441807,134.9988708496094
34.071009,-118.441797,135.0157775878906
34.071009,-118.441787,135.0353698730469
34.071009,-118.441777,135.0541534423828
34.071009,-118.441767,135.0706329345703
34.071009,-118.441757,135.0865173339844
34.071009,-118.441747,135.0978240966797
34.071009,-118.441737,135.109130859375
34.071009,-118.441727,135.0953979492188
34.071009,-118.441717,135.0808868408203
34.071009,-118.441707,135.0803985595703
34.071009,-118.441697,135.0829010009766
34.071009,-118.441687,135.0924377441406
34.071009,-118.441677,135.1053009033203
34.071009,-118.441667,135.1121063232422
34.071009,-118.441657,135.1135864257812
34.071009,-118.441647,135.1116485595703
34.071009,-118.441637,135.1042938232422
34.071009,-118.441627,135.0955047607422
34.071009,-118.441617,135.0822601318359
34.071009,-118.441607,135.0700378417969
34.071009,-118.441597,135.0675811767578
34.071009,-118.441587,135.0651245117188
34.071009,-118.441577,135.0555725097656
34.071009,-118.441567,135.045654296875
34.071009,-118.441557,135.0298156738281
34.071009,-118.441547,135.0125579833984
34.071009,-118.441537,134.9647064208984
34.071009,-118.441527,134.9009552001953
34.071009,-118.441517,134.8466491699219
34.071009,-118.441507,134.8013610839844
34.071009,-118.441497,134.7627563476562
34.071009,-118.441487,134.7357482910156
34.071009,-118.441477,134.7031555175781
34.071009,-118.441467,134.6509246826172
34.071009,-118.441457,134.5990295410156
34.071009,-118.441447,134.5515441894531
34.071009,-118.441437,134.5040588378906
34.071009,-118.441427,134.4608917236328
34.071009,-118.441417,134.4180603027344
34.071009,-118.441407,134.4344787597656
34.071009,-118.441397,134.4673004150391
34.071009,-118.441387,134.4975128173828
34.071009,-118.441377,134.5262451171875
34.071009,-118.441367,134.5508880615234
34.071009,-118.441357,134.5713348388672
34.071009,-118.441347,134.5811309814453
34.071009,-118.441337,134.5708312988281
34.071009,-118.441327,134.5612030029297
34.071009,-118.441317,134.5542755126953
34.071009,-118.441307,134.5477600097656
34.071009,-118.441297,134.5481567382812
34.071009,-118.441287,134.5485534667969
34.071009,-118.441277,134.5387268066406
34.071009,-118.441267,134.5278625488281
34.071009,-118.441257,134.5217895507812
34.071009,-118.441247,134.5172119140625
34.071009,-118.441237,134.5195007324219
34.071009,-118.441227,134.5260620117188
34.071009,-118.441217,134.53564453125
34.071009,-118.441207,134.548583984375
34.071009,-118.441197,134.5579986572266
34.071009,-118.441187,134.5600891113281
34.071009,-118.441177,134.5585021972656
34.071009,-118.441167,134.5401153564453
34.071009,-118.441157,134.5221099853516
34.071009,-118.441147,134.5151062011719
34.071009,-118.441137,134.5081024169922
34.071009,-118.441127,134.5037536621094
34.071009,-118.441117,134.499755859375
34.071009,-118.441107,134.4970092773438
34.071009,-118.441097,134.4947204589844
34.071009,-118.441087,134.4739685058594
34.071009,-118.441077,134.4407653808594
34.071009,-118.441067,134.406982421875
34.071009,-118.441057,134.3724822998047
34.071009,-118.441047,134.3414611816406
34.071009,-118.441037,134.3183135986328
34.071009,-118.441027,134.2994842529297
34.071009,-118.441017,134.3033905029297
34.071009,-118.441007,134.3071746826172
34.071009,-118.440997,134.3016815185547
34.071009,-118.440987,134.2961883544922
34.071009,-118.440977,134.2535552978516
34.071009,-118.440967,134.2052917480469
34.071009,-118.440957,134.1620635986328
34.071009,-118.440947,134.1207885742188
34.071009,-118.440937,134.0869445800781
34.071009,-118.440927,134.0585479736328
34.071009,-118.440917,134.0439453125
34.071009,-118.440907,134.0475921630859
34.071009,-118.440897,134.0432891845703
34.071009,-118.440887,134.0190277099609
34.071009,-118.440877,133.9937286376953
34.071009,-118.440867,133.9620666503906
34.071009,-118.440857,133.9304046630859
34.071009,-118.440847,133.9078826904297
34.071009,-118.440837,133.8854217529297
34.071009,-118.440827,133.8781280517578
34.071009,-118.440817,133.8735809326172
34.071009,-118.440807,133.8767547607422
34.071019,-118.444527,118.8641204833984
34.071019,-118.444517,118.8768920898438
34.071019,-118.444507,118.8897705078125
34.071019,-118.444497,118.9338150024414
34.071019,-118.444487,118.9869766235352
34.071019,-118.444477,119.0429306030273
34.071019,-118.444467,119.1005477905273
34.071019,-118.444457,119.1560974121094
34.071019,-118.444447,119.2094268798828
34.071019,-118.444437,119.2641830444336
34.071019,-118.444427,119.3217544555664
34.071019,-118.444417,119.3778457641602
34.071019,-118.444407,119.4276275634766
34.071019,-118.444397,119.4765930175781
34.071019,-118.444387,119.5081481933594
34.071019,-118.444377,119.5397033691406
34.071019,-118.444367,119.580940246582
34.071019,-118.444357,119.6232681274414
34.071019,-118.444347,119.6734390258789
34.071019,-118.444337,119.7261734008789
34.071019,-118.444327,119.789680480957
34.071019,-118.444317,119.8601455688477
34.071019,-118.444307,119.9224395751953
34.071019,-118.444297,119.9752197265625
34.071019,-118.444287,120.0259170532227
34.071019,-118.444277,120.0721206665039
34.071019,-118.444267,120.1175689697266
34.071019,-118.444257,120.1593551635742
34.071019,-118.444247,120.2008895874023
34.071019,-118.444237,120.2326202392578
34.071019,-118.444227,120.2643432617188
34.071019,-118.444217,120.3041458129883
34.071019,-118.444207,120.3450546264648
34.071019,-118.444197,120.4175872802734
34.071019,-118.444187,120.5016403198242
34.071019,-118.444177,120.5848159790039
34.071019,-118.444167,120.667366027832
34.071019,-118.444157,120.7480239868164
34.071019,-118.444147,120.8262786865234
34.071019,-118.444137,120.9001617431641
34.071019,-118.444127,120.9636154174805
34.071019,-118.444117,121.0232009887695
34.071019,-118.444107,121.0608139038086
34.071019,-118.444097,121.0983657836914
34.071019,-118.444087,121.121208190918
34.071019,-118.444077,121.1440505981445
34.071019,-118.444067,121.1559982299805
34.071019,-118.444057,121.166145324707
34.071019,-118.444047,121.1857604980469
34.071019,-118.444037,121.2091903686523
34.071019,-118.444027,121.2444381713867
34.071019,-118.444017,121.2887268066406
34.071019,-118.444007,121.3684692382812
34.071019,-118.443997,121.4969329833984
34.071019,-118.443987,121.6216735839844
34.071019,-118.443977,121.7366180419922
34.071019,-118.443967,121.8497619628906
34.071019,-118.443957,121.9508514404297
34.071019,-118.443947,122.0519409179688
34.071019,-118.443937,122.1063003540039
34.071019,-118.443927,122.1598968505859
34.071019,-118.443917,122.2217178344727
34.071019,-118.443907,122.2851333618164
34.071019,-118.443897,122.3506240844727
34.071019,-118.443887,122.4170303344727
34.071019,-118.443877,122.4617614746094
34.071019,-118.443867,122.4885101318359
34.071019,-118.443857,122.5092849731445
34.071019,-118.443847,122.5211181640625
34.071019,-118.443837,122.5308532714844
34.071019,-118.443827,122.5344467163086
34.071019,-118.443817,122.5441970825195
34.071019,-118.443807,122.6041488647461
34.071019,-118.443797,122.6641006469727
34.071019,-118.443787,122.744514465332
34.071019,-118.443777,122.8257141113281
34.071019,-118.443767,122.9208755493164
34.071019,-118.443757,123.0191421508789
34.071019,-118.443747,123.0945663452148
34.071019,-118.443737,123.1588363647461
34.071019,-118.443727,123.2319107055664
34.071019,-118.443717,123.3128967285156
34.071019,-118.443707,123.4000930786133
34.071019,-118.443697,123.4973983764648
34.071019,-118.443687,123.5893249511719
34.071019,-118.443677,123.6636962890625
34.071019,-118.443667,123.7355728149414
34.071019,-118.443657,123.7818298339844
34.071019,-118.443647,123.8280868530273
34.071019,-118.443637,123.845947265625
34.071019,-118.443627,123.8620910644531
34.071019,-118.443617,123.8892440795898
34.071019,-118.443607,123.9191970825195
34.071019,-118.443597,123.9624786376953
34.071019,-118.443587,124.0128936767578
34.071019,-118.443577,124.0756072998047
34.071019,-118.443567,124.1503372192383
34.071019,-118.443557,124.2073974609375
34.071019,-118.443547,124.2330474853516
34.071019,-118.443537,124.2642822265625
34.071019,-118.443527,124.3160095214844
34.071019,-118.443517,124.3704452514648
34.071019,-118.443507,124.4618377685547
34.071019,-118.443497,124.55322265625
34.071019,-118.443487,124.6808319091797
34.071019,-118.443477,124.8114776611328
34.071019,-118.443467,124.937126159668
34.071019,-118.443457,125.0613479614258
34.071019,-118.443447,125.1756744384766
34.071019,-118.443437,125.2842178344727
34.071019,-118.443427,125.4370193481445
34.071019,-118.443417,125.6367416381836
34.071019,-118.443407,125.8238906860352
34.071019,-118.443397,125.9866104125977
34.071019,-118.443387,126.1323394775391
34.071019,-118.443377,126.2074432373047
34.071019,-118.443367,126.2848510742188
34.071019,-118.443357,126.4078063964844
34.071019,-118.443347,126.5307693481445
34.071019,-118.443337,126.6352005004883
34.071019,-118.443327,126.7376327514648
34.071019,-118.443317,126.7966156005859
34.071019,-118.443307,126.8416213989258
34.071019,-118.443297,126.9091949462891
34.071019,-118.443287,126.9911422729492
34.071019,-118.443277,127.0994033813477
34.071019,-118.443267,127.2379302978516
34.071019,-118.443257,127.4116592407227
34.071019,-118.443247,127.6604232788086
34.071019,-118.443237,127.8925247192383
34.071019,-118.443227,128.0452575683594
34.071019,-118.443217,128.1973724365234
34.071019,-118.443207,128.3279724121094
34.071019,-118.443197,128.4585876464844
34.071019,-118.443187,128.5968017578125
34.071019,-118.443177,128.7360382080078
34.071019,-118.443167,128.8029937744141
34.071019,-118.443157,128.8440551757812
34.071019,-118.443147,128.8687896728516
34.071019,-118.443137,128.8822021484375
34.071019,-118.443127,128.8997497558594
34.071019,-118.443117,128.9224548339844
34.071019,-118.443107,129.0165863037109
34.071019,-118.443097,129.2782287597656
34.071019,-118.443087,129.5431976318359
34.071019,-118.443077,129.8266296386719
34.071019,-118.443067,130.1083068847656
34.071019,-118.443057,130.1542510986328
34.071019,-118.443047,130.2001800537109
34.071019,-118.443037,130.2397918701172
34.071019,-118.443027,130.2783966064453
34.071019,-118.443017,130.3147430419922
34.071019,-118.443007,130.3502044677734
34.071019,-118.442997,130.385986328125
34.071019,-118.442987,130.4220275878906
34.071019,-118.442977,130.5131225585938
34.071019,-118.442967,130.6788940429688
34.071019,-118.442957,130.8584136962891
34.071019,-118.442947,131.0735321044922
34.071019,-118.442937,131.2789306640625
34.071019,-118.442927,131.4208984375
34.071019,-118.442917,131.5628509521484
34.071019,-118.442907,131.6400299072266
34.071019,-118.442897,131.7163391113281
34.071019,-118.442887,131.7680358886719
34.071019,-118.442877,131.8150787353516
34.071019,-118.442867,131.8939208984375
34.071019,-118.442857,131.9867095947266
34.071019,-118.442847,132.0836639404297
34.071019,-118.442837,132.1840209960938
34.071019,-118.442827,132.2872467041016
34.071019,-118.442817,132.3946990966797
34.071019,-118.442807,132.5081634521484
34.071019,-118.442797,132.6388702392578
34.071019,-118.442787,132.7681732177734
34.071019,-118.442777,132.8864135742188
34.071019,-118.442767,133.0046539306641
34.071019,-118.442757,133.1162261962891
34.071019,-118.442747,133.2275543212891
34.071019,-118.442737,133.3627014160156
34.071019,-118.442727,133.5030670166016
34.071019,-118.442717,133.7155914306641
34.071019,-118.442707,133.9628448486328
34.071019,-118.442697,134.2473754882812
34.071019,-118.442687,134.5650482177734
34.071019,-118.442677,134.7548828125
34.071019,-118.442667,134.7392730712891
34.071019,-118.442657,134.7149200439453
34.071019,-118.442647,134.6625213623047
34.071019,-118.442637,134.6070861816406
34.071019,-118.442627,134.5218048095703
34.071019,-118.442617,134.4365234375
34.071019,-118.442607,134.4226837158203
34.071019,-118.442597,134.4129028320312
34.071019,-118.442587,134.4066619873047
34.071019,-118.442577,134.4012908935547
34.071019,-118.442567,134.3987121582031
34.071019,-118.442557,134.3975830078125
34.071019,-118.442547,134.4192352294922
34.071019,-118.442537,134.4628448486328
34.071019,-118.442527,134.4982604980469
34.071019,-118.442517,134.5193023681641
34.071019,-118.442507,134.5347290039062
34.071019,-118.442497,134.5299682617188
34.071019,-118.442487,134.5271606445312
34.071019,-118.442477,134.5497894287109
34.071019,-118.442467,134.5724182128906
34.071019,-118.442457,134.586181640625
34.071019,-118.442447,134.5992279052734
34.071019,-118.442437,134.6015319824219
34.071019,-118.442427,134.6008148193359
34.071019,-118.442417,134.6066589355469
34.071019,-118.442407,134.6162872314453
34.071019,-118.442397,134.6231079101562
34.071019,-118.442387,134.6269836425781
34.071019,-118.442377,134.6275939941406
34.071019,-118.442367,134.6219787597656
34.071019,-118.442357,134.617919921875
34.071019,-118.442347,134.6201934814453
34.071019,-118.442337,134.6224975585938
34.071019,-118.442327,134.6254272460938
34.071019,-118.442317,134.6283569335938
34.071019,-118.442307,134.6311187744141
34.071019,-118.442297,134.6338653564453
34.071019,-118.442287,134.6780548095703
34.071019,-118.442277,134.7353515625
34.071019,-118.442267,134.7834014892578
34.071019,-118.442257,134.8256225585938
34.071019,-118.442247,134.8476409912109
34.071019,-118.442237,134.8467407226562
34.071019,-118.442227,134.8477172851562
34.071019,-118.442217,134.8526000976562
34.071019,-118.442207,134.8572692871094
34.071019,-118.442197,134.8609008789062
34.071019,-118.442187,134.8643646240234
34.071019,-118.442177,134.8625793457031
34.071019,-118.442167,134.8608093261719
34.071019,-118.442157,134.8869018554688
34.071019,-118.442147,134.9166107177734
34.071019,-118.442137,134.9432067871094
34.071019,-118.442127,134.9686889648438
34.071019,-118.442117,134.9778137207031
34.071019,-118.442107,134.9757690429688
34.071019,-118.442097,134.9802856445312
34.071019,-118.442087,134.9929046630859
34.071019,-118.442077,135.0028228759766
34.071019,-118.442067,135.0064697265625
34.071019,-118.442057,135.0044403076172
34.071019,-118.442047,134.9717864990234
34.071019,-118.442037,134.9394226074219
34.071019,-118.442027,134.932373046875
34.071019,-118.442017,134.9253387451172
34.071019,-118.442007,134.9251556396484
34.071019,-118.441997,134.9260406494141
34.071019,-118.441987,134.9259033203125
34.071019,-118.441977,134.9253540039062
34.071019,-118.441967,134.9284210205078
34.071019,-118.441957,134.9341735839844
34.071019,-118.441947,134.9419708251953
34.071019,-118.441937,134.9525299072266
34.071019,-118.441927,134.9657287597656
34.071019,-118.441917,134.9856414794922
34.071019,-118.441907,135.0052642822266
34.071019,-118.441897,135.0229187011719
34.071019,-118.441887,135.0405883789062
34.071019,-118.441877,135.0499267578125
34.071019,-118.441867,135.0591735839844
34.071019,-118.441857,135.0390930175781
34.071019,-118.441847,135.0135803222656
34.071019,-118.441837,135.0063018798828
34.071019,-118.441827,135.0068664550781
34.071019,-118.441817,135.0161285400391
34.071019,-118.441807,135.0324096679688
34.071019,-118.441797,135.0542755126953
34.071019,-118.441787,135.0842742919922
34.071019,-118.441777,135.1124877929688
34.071019,-118.441767,135.1356811523438
34.071019,-118.441757,135.1579132080078
34.071019,-118.441747,135.1729583740234
34.071019,-118.441737,135.1880035400391
34.071019,-118.441727,135.1724243164062
34.071019,-118.441717,135.1558837890625
34.071019,-118.441707,135.1507568359375
34.071019,-118.441697,135.1480712890625
34.071019,-118.441687,135.1515655517578
34.071019,-118.441677,135.1579895019531
34.071019,-118.441667,135.1636047363281
34.071019,-118.441657,135.1685028076172
34.071019,-118.441647,135.168212890625
34.071019,-118.441637,135.1597137451172
34.071019,-118.441627,135.1491241455078
34.071019,-118.441617,135.1319885253906
34.071019,-118.441607,135.1166534423828
34.071019,-118.441597,135.1183319091797
34.071019,-118.441587,135.1200103759766
34.071019,-118.441577,135.1053161621094
34.071019,-118.441567,135.0897521972656
34.071019,-118.441557,135.0624694824219
34.071019,-118.441547,135.0323333740234
34.071019,-118.441537,134.9916687011719
34.071019,-118.441527,134.9455108642578
34.071019,-118.441517,134.8946990966797
34.071019,-118.441507,134.8394470214844
34.071019,-118.441497,134.7813873291016
34.071019,-118.441487,134.718505859375
34.071019,-118.441477,134.6553955078125
34.071019,-118.441467,134.5915679931641
34.071019,-118.441457,134.5294494628906
34.071019,-118.441447,134.4882965087891
34.071019,-118.441437,134.4471588134766
34.071019,-118.441427,134.4277648925781
34.071019,-118.441417,134.4100341796875
34.071019,-118.441407,134.4299926757812
34.071019,-118.441397,134.4603729248047
34.071019,-118.441387,134.4947052001953
34.071019,-118.441377,134.5312805175781
34.071019,-118.441367,134.5703887939453
34.071019,-118.441357,134.6120910644531
34.071019,-118.441347,134.6362762451172
34.071019,-118.441337,134.6273651123047
34.071019,-118.441327,134.6184234619141
34.071019,-118.441317,134.6093902587891
34.071019,-118.441307,134.6005706787109
34.071019,-118.441297,134.5955657958984
34.071019,-118.441287,134.590576171875
34.071019,-118.441277,134.5763092041016
34.071019,-118.441267,134.5611267089844
34.071019,-118.441257,134.5541381835938
34.071019,-118.441247,134.5497131347656
34.071019,-118.441237,134.5560913085938
34.071019,-118.441227,134.5691986083984
34.071019,-118.441217,134.5840759277344
34.071019,-118.441207,134.6009368896484
34.071019,-118.441197,134.6156768798828
34.071019,-118.441187,134.6260223388672
34.071019,-118.441177,134.6341705322266
34.071019,-118.441167,134.6322937011719
34.071019,-118.441157,134.6306304931641
34.071019,-118.441147,134.6354522705078
34.071019,-118.441137,134.6402587890625
34.071019,-118.441127,134.6441650390625
34.071019,-118.441117,134.64794921875
34.071019,-118.441107,134.6485900878906
34.071019,-118.441097,134.6481323242188
34.071019,-118.441087,134.6358032226562
34.071019,-118.441077,134.6154479980469
34.071019,-118.441067,134.5934753417969
34.071019,-118.441057,134.5695495605469
34.071019,-118.441047,134.5460510253906
34.071019,-118.441037,134.5235900878906
34.071019,-118.441027,134.50244140625
34.071019,-118.441017,134.48828125
34.071019,-118.441007,134.4740142822266
34.071019,-118.440997,134.4516448974609
34.071019,-118.440987,134.4292755126953
34.071019,-118.440977,134.3832244873047
34.071019,-118.440967,134.3335723876953
34.071019,-118.440957,134.2870025634766
34.071019,-118.440947,134.2416229248047
34.071019,-118.440937,134.2026062011719
34.071019,-118.440927,134.1682586669922
34.071019,-118.440917,134.1463470458984
34.071019,-118.440907,134.1408386230469
34.071019,-118.440897,134.1270751953125
34.071019,-118.440887,134.0925445556641
34.071019,-118.440877,134.0568389892578
34.071019,-118.440867,134.013916015625
34.071019,-118.440857,133.9709930419922
34.071019,-118.440847,133.9347076416016
34.071019,-118.440837,133.8984527587891
34.071019,-118.440827,133.888916015625
34.071019,-118.440817,133.8841705322266
34.071019,-118.440807,133.8897705078125
34.071029,-118.444527,118.8643112182617
34.071029,-118.444517,118.8791580200195
34.071029,-118.444507,118.8942489624023
34.071029,-118.444497,118.9381713867188
34.071029,-118.444487,118.9905090332031
34.071029,-118.444477,119.0485076904297
34.071029,-118.444467,119.1098480224609
34.071029,-118.444457,119.1736068725586
34.071029,-118.444447,119.2399597167969
34.071029,-118.444437,119.3075637817383
34.071029,-118.444427,119.3776550292969
34.071029,-118.444417,119.4455184936523
34.071029,-118.444407,119.5039672851562
34.071029,-118.444397,119.5612335205078
34.071029,-118.444387,119.5935897827148
34.071029,-118.444377,119.6259460449219
34.071029,-118.444367,119.6496429443359
34.071029,-118.444357,119.6723785400391
34.071029,-118.444347,119.7054443359375
34.071029,-118.444337,119.7418899536133
34.071029,-118.444327,119.8012237548828
34.071029,-118.444317,119.8753356933594
34.071029,-118.444307,119.9368896484375
34.071029,-118.444297,119.9838180541992
34.071029,-118.444287,120.0288467407227
34.071029,-118.444277,120.0697784423828
34.071029,-118.444267,120.1116485595703
34.071029,-118.444257,120.1580505371094
34.071029,-118.444247,120.2043914794922
34.071029,-118.444237,120.2485961914062
34.071029,-118.444227,120.2927932739258
34.071029,-118.444217,120.3449783325195
34.071029,-118.444207,120.3982696533203
34.071029,-118.444197,120.4755401611328
34.071029,-118.444187,120.5615463256836
34.071029,-118.444177,120.6448287963867
34.071029,-118.444167,120.726203918457
34.071029,-118.444157,120.8042831420898
34.071029,-118.444147,120.8781814575195
34.071029,-118.444137,120.9454193115234
34.071029,-118.444127,120.996826171875
34.071029,-118.444117,121.0468368530273
34.071029,-118.444107,121.0890197753906
34.071029,-118.444097,121.1311492919922
34.071029,-118.444087,121.1624374389648
34.071029,-118.444077,121.1937255859375
34.071029,-118.444067,121.1970596313477
34.071029,-118.444057,121.1957778930664
34.071029,-118.444047,121.2096405029297
34.071029,-118.444037,121.229606628418
34.071029,-118.444027,121.26513671875
34.071029,-118.444017,121.3125686645508
34.071029,-118.444007,121.4009552001953
34.071029,-118.443997,121.5456390380859
34.071029,-118.443987,121.6822891235352
34.071029,-118.443977,121.7978210449219
34.071029,-118.443967,121.9103775024414
34.071029,-118.443957,122.0029296875
34.071029,-118.443947,122.0954818725586
34.071029,-118.443937,122.1451263427734
34.071029,-118.443927,122.1940612792969
34.071029,-118.443917,122.2521209716797
34.071029,-118.443907,122.3119430541992
34.071029,-118.443897,122.3741912841797
34.071029,-118.443887,122.4375076293945
34.071029,-118.443877,122.4787826538086
34.071029,-118.443867,122.5017623901367
34.071029,-118.443857,122.5205459594727
34.071029,-118.443847,122.533073425293
34.071029,-118.443837,122.5442733764648
34.071029,-118.443827,122.5516128540039
34.071029,-118.443817,122.5639801025391
34.071029,-118.443807,122.6173934936523
34.071029,-118.443797,122.6707992553711
34.071029,-118.443787,122.751220703125
34.071029,-118.443777,122.8326721191406
34.071029,-118.443767,122.9326705932617
34.071029,-118.443757,123.0368041992188
34.071029,-118.443747,123.1206207275391
34.071029,-118.443737,123.1945114135742
34.071029,-118.443727,123.2722473144531
34.071029,-118.443717,123.3534545898438
34.071029,-118.443707,123.4373245239258
34.071029,-118.443697,123.5255432128906
34.071029,-118.443687,123.6102676391602
34.071029,-118.443677,123.6835784912109
34.071029,-118.443667,123.7540054321289
34.071029,-118.443657,123.7947769165039
34.071029,-118.443647,123.8355484008789
34.071029,-118.443637,123.8434906005859
34.071029,-118.443627,123.8494491577148
34.071029,-118.443617,123.8761825561523
34.071029,-118.443607,123.908203125
34.071029,-118.443597,123.9536285400391
34.071029,-118.443587,124.0062255859375
34.071029,-118.443577,124.0708160400391
34.071029,-118.443567,124.1471252441406
34.071029,-118.443557,124.20068359375
34.071029,-118.443547,124.2137908935547
34.071029,-118.443537,124.23388671875
34.071029,-118.443527,124.2795944213867
34.071029,-118.443517,124.3286666870117
34.071029,-118.443507,124.4235305786133
34.071029,-118.443497,124.5183868408203
34.071029,-118.443487,124.663459777832
34.071029,-118.443477,124.8127288818359
34.071029,-118.443467,124.9527816772461
34.071029,-118.443457,125.0901870727539
34.071029,-118.443447,125.2109298706055
34.071029,-118.443437,125.3219451904297
34.071029,-118.443427,125.4634628295898
34.071029,-118.443417,125.6373062133789
34.071029,-118.443407,125.797966003418
34.071029,-118.443397,125.932991027832
34.071029,-118.443387,126.0519485473633
34.071029,-118.443377,126.104118347168
34.071029,-118.443367,126.1596298217773
34.071029,-118.443357,126.2811889648438
34.071029,-118.443347,126.4027481079102
34.071029,-118.443337,126.5044403076172
34.071029,-118.443327,126.6039886474609
34.071029,-118.443317,126.6525344848633
34.071029,-118.443307,126.6846771240234
34.071029,-118.443297,126.7516555786133
34.071029,-118.443287,126.8408279418945
34.071029,-118.443277,126.9587097167969
34.071029,-118.443267,127.1096038818359
34.071029,-118.443257,127.295654296875
34.071029,-118.443247,127.5566482543945
34.071029,-118.443237,127.799674987793
34.071029,-118.443227,127.9571304321289
34.071029,-118.443217,128.1141510009766
34.071029,-118.443207,128.2557983398438
34.071029,-118.443197,128.3974609375
34.071029,-118.443187,128.5656890869141
34.071029,-118.443177,128.7374877929688
34.071029,-118.443167,128.8207702636719
34.071029,-118.443157,128.8723297119141
34.071029,-118.443147,128.9032287597656
34.071029,-118.443137,128.9197692871094
34.071029,-118.443127,128.9393157958984
34.071029,-118.443117,128.9626007080078
34.071029,-118.443107,129.0542297363281
34.071029,-118.443097,129.3061370849609
34.071029,-118.443087,129.5607147216797
34.071029,-118.443077,129.8300170898438
34.071029,-118.443067,130.0976104736328
34.071029,-118.443057,130.1341705322266
34.071029,-118.443047,130.1707153320312
34.071029,-118.443037,130.2119293212891
34.071029,-118.443027,130.2538909912109
34.071029,-118.443017,130.2950592041016
34.071029,-118.443007,130.3359222412109
34.071029,-118.442997,130.3681945800781
34.071029,-118.442987,130.3940124511719
34.071029,-118.442977,130.4757385253906
34.071029,-118.442967,130.6332855224609
34.071029,-118.442957,130.8060760498047
34.071029,-118.442947,131.0183563232422
34.071029,-118.442937,131.2245788574219
